"filename", "language", "Shell Script", "Properties", "LinkerScript", "Markdown", "C", "Makefile", "GAS/AT&T x86/x64", "C++", "Diff", "comment", "blank", "total"
"/home/christian/src/micro/Makefile", "Makefile", 0, 0, 0, 0, 0, 2, 0, 0, 0, 0, 1, 3
"/home/christian/src/micro/README.md", "Markdown", 0, 0, 0, 33, 0, 0, 0, 0, 0, 0, 7, 40
"/home/christian/src/micro/boot/Makefile", "Makefile", 0, 0, 0, 0, 0, 11, 0, 0, 0, 0, 2, 13
"/home/christian/src/micro/boot/stage1/Makefile", "Makefile", 0, 0, 0, 0, 0, 15, 0, 0, 0, 0, 5, 20
"/home/christian/src/micro/boot/stage1/bootsect.S", "GAS/AT&T x86/x64", 0, 0, 0, 0, 0, 0, 107, 0, 0, 7, 36, 150
"/home/christian/src/micro/boot/stage1/linker.ld", "LinkerScript", 0, 0, 11, 0, 0, 0, 0, 0, 0, 0, 1, 12
"/home/christian/src/micro/boot/stage2/Makefile", "Makefile", 0, 0, 0, 0, 0, 16, 0, 0, 0, 0, 7, 23
"/home/christian/src/micro/boot/stage2/entry.c", "C", 0, 0, 0, 0, 5, 0, 0, 0, 0, 0, 0, 5
"/home/christian/src/micro/boot/stage2/linker.ld", "LinkerScript", 0, 0, 10, 0, 0, 0, 0, 0, 0, 0, 1, 11
"/home/christian/src/micro/boot/tools/Makefile", "Makefile", 0, 0, 0, 0, 0, 7, 0, 0, 0, 0, 2, 9
"/home/christian/src/micro/boot/tools/mkimage.c", "C", 0, 0, 0, 0, 29, 0, 0, 0, 0, 2, 11, 42
"/home/christian/src/micro/build/build-emu-disk.sh", "Shell Script", 8, 0, 0, 0, 0, 0, 0, 0, 0, 2, 1, 11
"/home/christian/src/micro/build/build-everything.sh", "Shell Script", 10, 0, 0, 0, 0, 0, 0, 0, 0, 0, 1, 11
"/home/christian/src/micro/build/build-hdd.sh", "Shell Script", 19, 0, 0, 0, 0, 0, 0, 0, 0, 4, 10, 33
"/home/christian/src/micro/build/build-initrd.sh", "Shell Script", 1, 0, 0, 0, 0, 0, 0, 0, 0, 1, 1, 3
"/home/christian/src/micro/build/build-limine.sh", "Shell Script", 25, 0, 0, 0, 0, 0, 0, 0, 0, 0, 3, 28
"/home/christian/src/micro/build/burn-usb.sh", "Shell Script", 1, 0, 0, 0, 0, 0, 0, 0, 0, 0, 1, 2
"/home/christian/src/micro/build/configure.sh", "Shell Script", 3, 0, 0, 0, 0, 0, 0, 0, 0, 0, 1, 4
"/home/christian/src/micro/build/imgmnt/limine.cfg", "Properties", 0, 7, 0, 0, 0, 0, 0, 0, 0, 0, 2, 9
"/home/christian/src/micro/build/limine.cfg", "Properties", 0, 15, 0, 0, 0, 0, 0, 0, 0, 0, 1, 16
"/home/christian/src/micro/build/mkcross.sh", "Shell Script", 1, 0, 0, 0, 0, 0, 0, 0, 0, 0, 0, 1
"/home/christian/src/micro/build/uefi-hdd.sh", "Shell Script", 13, 0, 0, 0, 0, 0, 0, 0, 0, 0, 0, 13
"/home/christian/src/micro/build/uefi.sh", "Shell Script", 13, 0, 0, 0, 0, 0, 0, 0, 0, 0, 0, 13
"/home/christian/src/micro/kernel/Makefile", "Makefile", 0, 0, 0, 0, 0, 30, 0, 0, 0, 0, 12, 42
"/home/christian/src/micro/kernel/arch/amd64/amd64.mk", "Makefile", 0, 0, 0, 0, 0, 21, 0, 0, 0, 0, 2, 23
"/home/christian/src/micro/kernel/arch/amd64/amd64/amd64.S", "GAS/AT&T x86/x64", 0, 0, 0, 0, 0, 0, 19, 0, 0, 9, 8, 36
"/home/christian/src/micro/kernel/arch/amd64/amd64/ap_start.S", "GAS/AT&T x86/x64", 0, 0, 0, 0, 0, 0, 80, 0, 0, 5, 29, 114
"/home/christian/src/micro/kernel/arch/amd64/amd64/cmos.c", "C", 0, 0, 0, 0, 113, 0, 0, 0, 0, 4, 35, 152
"/home/christian/src/micro/kernel/arch/amd64/amd64/context.S", "GAS/AT&T x86/x64", 0, 0, 0, 0, 0, 0, 30, 0, 0, 5, 8, 43
"/home/christian/src/micro/kernel/arch/amd64/amd64/cpu.c", "C", 0, 0, 0, 0, 43, 0, 0, 0, 0, 1, 11, 55
"/home/christian/src/micro/kernel/arch/amd64/amd64/entry.c", "C", 0, 0, 0, 0, 133, 0, 0, 0, 0, 5, 29, 167
"/home/christian/src/micro/kernel/arch/amd64/amd64/except.c", "C", 0, 0, 0, 0, 216, 0, 0, 0, 0, 8, 39, 263
"/home/christian/src/micro/kernel/arch/amd64/amd64/fpu.c", "C", 0, 0, 0, 0, 8, 0, 0, 0, 0, 1, 2, 11
"/home/christian/src/micro/kernel/arch/amd64/amd64/gdt.c", "C", 0, 0, 0, 0, 47, 0, 0, 0, 0, 0, 12, 59
"/home/christian/src/micro/kernel/arch/amd64/amd64/idt.c", "C", 0, 0, 0, 0, 119, 0, 0, 0, 0, 1, 15, 135
"/home/christian/src/micro/kernel/arch/amd64/amd64/intr_asm.S", "GAS/AT&T x86/x64", 0, 0, 0, 0, 0, 0, 131, 0, 0, 3, 19, 153
"/home/christian/src/micro/kernel/arch/amd64/amd64/ioapic.c", "C", 0, 0, 0, 0, 61, 0, 0, 0, 0, 2, 15, 78
"/home/christian/src/micro/kernel/arch/amd64/amd64/lapic.c", "C", 0, 0, 0, 0, 70, 0, 0, 0, 0, 4, 16, 90
"/home/christian/src/micro/kernel/arch/amd64/amd64/main.c", "C", 0, 0, 0, 0, 65, 0, 0, 0, 0, 10, 18, 93
"/home/christian/src/micro/kernel/arch/amd64/amd64/mmu.c", "C", 0, 0, 0, 0, 452, 0, 0, 0, 0, 21, 123, 596
"/home/christian/src/micro/kernel/arch/amd64/amd64/panic.c", "C", 0, 0, 0, 0, 13, 0, 0, 0, 0, 0, 2, 15
"/home/christian/src/micro/kernel/arch/amd64/amd64/pic.c", "C", 0, 0, 0, 0, 37, 0, 0, 0, 0, 0, 13, 50
"/home/christian/src/micro/kernel/arch/amd64/amd64/simd.S", "GAS/AT&T x86/x64", 0, 0, 0, 0, 0, 0, 23, 0, 0, 0, 5, 28
"/home/christian/src/micro/kernel/arch/amd64/amd64/smp.c", "C", 0, 0, 0, 0, 77, 0, 0, 0, 0, 2, 25, 104
"/home/christian/src/micro/kernel/arch/amd64/amd64/timer.c", "C", 0, 0, 0, 0, 51, 0, 0, 0, 0, 0, 15, 66
"/home/christian/src/micro/kernel/arch/amd64/include/arch/boot.h", "C++", 0, 0, 0, 0, 0, 0, 0, 122, 0, 0, 31, 153
"/home/christian/src/micro/kernel/arch/amd64/include/arch/cmos.h", "C++", 0, 0, 0, 0, 0, 0, 0, 14, 0, 0, 3, 17
"/home/christian/src/micro/kernel/arch/amd64/include/arch/cpu.h", "C++", 0, 0, 0, 0, 0, 0, 0, 37, 0, 1, 11, 49
"/home/christian/src/micro/kernel/arch/amd64/include/arch/cpu_func.h", "C++", 0, 0, 0, 0, 0, 0, 0, 83, 0, 2, 20, 105
"/home/christian/src/micro/kernel/arch/amd64/include/arch/descs.h", "C++", 0, 0, 0, 0, 0, 0, 0, 72, 0, 7, 12, 91
"/home/christian/src/micro/kernel/arch/amd64/include/arch/except.h", "C++", 0, 0, 0, 0, 0, 0, 0, 5, 0, 0, 3, 8
"/home/christian/src/micro/kernel/arch/amd64/include/arch/fpu.h", "C++", 0, 0, 0, 0, 0, 0, 0, 4, 0, 0, 3, 7
"/home/christian/src/micro/kernel/arch/amd64/include/arch/intr_stubs.h", "C++", 0, 0, 0, 0, 0, 0, 0, 52, 0, 1, 4, 57
"/home/christian/src/micro/kernel/arch/amd64/include/arch/ioapic.h", "C++", 0, 0, 0, 0, 0, 0, 0, 4, 0, 0, 3, 7
"/home/christian/src/micro/kernel/arch/amd64/include/arch/lapic.h", "C++", 0, 0, 0, 0, 0, 0, 0, 22, 0, 1, 9, 32
"/home/christian/src/micro/kernel/arch/amd64/include/arch/mmu.h", "C++", 0, 0, 0, 0, 0, 0, 0, 64, 0, 2, 24, 90
"/home/christian/src/micro/kernel/arch/amd64/include/arch/mmu_defs.h", "C++", 0, 0, 0, 0, 0, 0, 0, 21, 0, 0, 8, 29
"/home/christian/src/micro/kernel/arch/amd64/include/arch/panic.h", "C++", 0, 0, 0, 0, 0, 0, 0, 2, 0, 0, 1, 3
"/home/christian/src/micro/kernel/arch/amd64/include/arch/pic.h", "C++", 0, 0, 0, 0, 0, 0, 0, 3, 0, 0, 2, 5
"/home/christian/src/micro/kernel/arch/amd64/include/arch/pio.h", "C++", 0, 0, 0, 0, 0, 0, 0, 33, 0, 0, 7, 40
"/home/christian/src/micro/kernel/arch/amd64/include/arch/reg.h", "C++", 0, 0, 0, 0, 0, 0, 0, 25, 0, 0, 2, 27
"/home/christian/src/micro/kernel/arch/amd64/include/arch/smp.h", "C++", 0, 0, 0, 0, 0, 0, 0, 2, 0, 0, 2, 4
"/home/christian/src/micro/kernel/arch/amd64/include/arch/timer.h", "C++", 0, 0, 0, 0, 0, 0, 0, 7, 0, 0, 4, 11
"/home/christian/src/micro/kernel/dev/Makefile", "Makefile", 0, 0, 0, 0, 0, 2, 0, 0, 0, 0, 0, 2
"/home/christian/src/micro/kernel/dev/ahci/Makefile", "Makefile", 0, 0, 0, 0, 0, 3, 0, 0, 0, 0, 1, 4
"/home/christian/src/micro/kernel/dev/ahci/ahci.c", "C", 0, 0, 0, 0, 234, 0, 0, 0, 0, 3, 73, 310
"/home/christian/src/micro/kernel/dev/ahci/ahci_defs.h", "C++", 0, 0, 0, 0, 0, 0, 0, 218, 0, 5, 64, 287
"/home/christian/src/micro/kernel/dev/ext2/Makefile", "Makefile", 0, 0, 0, 0, 0, 3, 0, 0, 0, 0, 1, 4
"/home/christian/src/micro/kernel/dev/ext2/ext2.c", "C", 0, 0, 0, 0, 653, 0, 0, 0, 0, 31, 223, 907
"/home/christian/src/micro/kernel/dev/ext2/ext2.h", "C++", 0, 0, 0, 0, 0, 0, 0, 148, 0, 0, 21, 169
"/home/christian/src/micro/kernel/dev/fat/Makefile", "Makefile", 0, 0, 0, 0, 0, 3, 0, 0, 0, 0, 1, 4
"/home/christian/src/micro/kernel/dev/fat/fat.c", "C", 0, 0, 0, 0, 488, 0, 0, 0, 0, 17, 154, 659
"/home/christian/src/micro/kernel/dev/fat/fat.h", "C++", 0, 0, 0, 0, 0, 0, 0, 94, 0, 3, 14, 111
"/home/christian/src/micro/kernel/dev/linker.ld", "LinkerScript", 0, 0, 21, 0, 0, 0, 0, 0, 0, 0, 1, 22
"/home/christian/src/micro/kernel/dev/module.mk", "Makefile", 0, 0, 0, 0, 0, 18, 0, 0, 0, 1, 7, 26
"/home/christian/src/micro/kernel/dev/ps2kb/Makefile", "Makefile", 0, 0, 0, 0, 0, 3, 0, 0, 0, 0, 1, 4
"/home/christian/src/micro/kernel/dev/ps2kb/ps2kb.c", "C", 0, 0, 0, 0, 51, 0, 0, 0, 0, 1, 15, 67
"/home/christian/src/micro/kernel/dev/test/Makefile", "Makefile", 0, 0, 0, 0, 0, 3, 0, 0, 0, 0, 1, 4
"/home/christian/src/micro/kernel/dev/test/test.c", "C", 0, 0, 0, 0, 16, 0, 0, 0, 0, 0, 3, 19
"/home/christian/src/micro/kernel/include/micro/acpi.h", "C++", 0, 0, 0, 0, 0, 0, 0, 4, 0, 0, 2, 6
"/home/christian/src/micro/kernel/include/micro/acpi_defs.h", "C++", 0, 0, 0, 0, 0, 0, 0, 83, 0, 1, 13, 97
"/home/christian/src/micro/kernel/include/micro/binfmt.h", "C++", 0, 0, 0, 0, 0, 0, 0, 9, 0, 0, 3, 12
"/home/christian/src/micro/kernel/include/micro/debug.h", "C++", 0, 0, 0, 0, 0, 0, 0, 3, 0, 0, 1, 4
"/home/christian/src/micro/kernel/include/micro/dev.h", "C++", 0, 0, 0, 0, 0, 0, 0, 2, 0, 0, 1, 3
"/home/christian/src/micro/kernel/include/micro/devfs.h", "C++", 0, 0, 0, 0, 0, 0, 0, 7, 0, 0, 4, 11
"/home/christian/src/micro/kernel/include/micro/elf.h", "C++", 0, 0, 0, 0, 0, 0, 0, 97, 0, 4, 19, 120
"/home/christian/src/micro/kernel/include/micro/fbdev.h", "C++", 0, 0, 0, 0, 0, 0, 0, 15, 0, 0, 5, 20
"/home/christian/src/micro/kernel/include/micro/heap.h", "C++", 0, 0, 0, 0, 0, 0, 0, 7, 0, 0, 2, 9
"/home/christian/src/micro/kernel/include/micro/init.h", "C++", 0, 0, 0, 0, 0, 0, 0, 8, 0, 0, 3, 11
"/home/christian/src/micro/kernel/include/micro/ksym.h", "C++", 0, 0, 0, 0, 0, 0, 0, 3, 0, 0, 2, 5
"/home/christian/src/micro/kernel/include/micro/list.h", "C++", 0, 0, 0, 0, 0, 0, 0, 25, 0, 0, 5, 30
"/home/christian/src/micro/kernel/include/micro/lock.h", "C++", 0, 0, 0, 0, 0, 0, 0, 8, 0, 0, 6, 14
"/home/christian/src/micro/kernel/include/micro/module.h", "C++", 0, 0, 0, 0, 0, 0, 0, 17, 0, 0, 5, 22
"/home/christian/src/micro/kernel/include/micro/pci.h", "C++", 0, 0, 0, 0, 0, 0, 0, 21, 0, 0, 6, 27
"/home/christian/src/micro/kernel/include/micro/pci_ids.h", "C++", 0, 0, 0, 0, 0, 0, 0, 4, 0, 0, 3, 7
"/home/christian/src/micro/kernel/include/micro/platform.h", "C++", 0, 0, 0, 0, 0, 0, 0, 6, 0, 0, 1, 7
"/home/christian/src/micro/kernel/include/micro/procfs.h", "C++", 0, 0, 0, 0, 0, 0, 0, 2, 0, 0, 1, 3
"/home/christian/src/micro/kernel/include/micro/ptrace.h", "C++", 0, 0, 0, 0, 0, 0, 0, 9, 0, 0, 1, 10
"/home/christian/src/micro/kernel/include/micro/ringbuf.h", "C++", 0, 0, 0, 0, 0, 0, 0, 15, 0, 0, 4, 19
"/home/christian/src/micro/kernel/include/micro/sched.h", "C++", 0, 0, 0, 0, 0, 0, 0, 23, 0, 1, 7, 31
"/home/christian/src/micro/kernel/include/micro/stdlib.h", "C++", 0, 0, 0, 0, 0, 0, 0, 119, 0, 3, 29, 151
"/home/christian/src/micro/kernel/include/micro/sys.h", "C++", 0, 0, 0, 0, 0, 0, 0, 90, 0, 2, 9, 101
"/home/christian/src/micro/kernel/include/micro/task.h", "C++", 0, 0, 0, 0, 0, 0, 0, 45, 0, 2, 25, 72
"/home/christian/src/micro/kernel/include/micro/thread.h", "C++", 0, 0, 0, 0, 0, 0, 0, 25, 0, 0, 7, 32
"/home/christian/src/micro/kernel/include/micro/tree.h", "C++", 0, 0, 0, 0, 0, 0, 0, 9, 0, 0, 3, 12
"/home/christian/src/micro/kernel/include/micro/try.h", "C++", 0, 0, 0, 0, 0, 0, 0, 21, 0, 2, 3, 26
"/home/christian/src/micro/kernel/include/micro/tty.h", "C++", 0, 0, 0, 0, 0, 0, 0, 12, 0, 0, 6, 18
"/home/christian/src/micro/kernel/include/micro/vfs.h", "C++", 0, 0, 0, 0, 0, 0, 0, 137, 0, 1, 45, 183
"/home/christian/src/micro/kernel/include/micro/vga.h", "C++", 0, 0, 0, 0, 0, 0, 0, 25, 0, 0, 3, 28
"/home/christian/src/micro/kernel/include/uapi/micro/errno.h", "C++", 0, 0, 0, 0, 0, 0, 0, 34, 0, 0, 1, 35
"/home/christian/src/micro/kernel/include/uapi/micro/fb.h", "C++", 0, 0, 0, 0, 0, 0, 0, 8, 0, 0, 2, 10
"/home/christian/src/micro/kernel/include/uapi/micro/fcntl.h", "C++", 0, 0, 0, 0, 0, 0, 0, 25, 0, 0, 5, 30
"/home/christian/src/micro/kernel/include/uapi/micro/fs.h", "C++", 0, 0, 0, 0, 0, 0, 0, 16, 0, 0, 3, 19
"/home/christian/src/micro/kernel/include/uapi/micro/ioctls.h", "C++", 0, 0, 0, 0, 0, 0, 0, 7, 0, 0, 1, 8
"/home/christian/src/micro/kernel/include/uapi/micro/mman.h", "C++", 0, 0, 0, 0, 0, 0, 0, 9, 0, 0, 3, 12
"/home/christian/src/micro/kernel/include/uapi/micro/signal.h", "C++", 0, 0, 0, 0, 0, 0, 0, 49, 0, 1, 8, 58
"/home/christian/src/micro/kernel/include/uapi/micro/stat.h", "C++", 0, 0, 0, 0, 0, 0, 0, 18, 0, 0, 2, 20
"/home/christian/src/micro/kernel/include/uapi/micro/termios.h", "C++", 0, 0, 0, 0, 0, 0, 0, 82, 0, 6, 9, 97
"/home/christian/src/micro/kernel/include/uapi/micro/time.h", "C++", 0, 0, 0, 0, 0, 0, 0, 18, 0, 0, 4, 22
"/home/christian/src/micro/kernel/include/uapi/micro/types.h", "C++", 0, 0, 0, 0, 0, 0, 0, 42, 0, 0, 11, 53
"/home/christian/src/micro/kernel/include/uapi/micro/user.h", "C++", 0, 0, 0, 0, 0, 0, 0, 30, 0, 0, 1, 31
"/home/christian/src/micro/kernel/include/uapi/micro/utsname.h", "C++", 0, 0, 0, 0, 0, 0, 0, 11, 0, 0, 2, 13
"/home/christian/src/micro/kernel/include/uapi/micro/wait.h", "C++", 0, 0, 0, 0, 0, 0, 0, 3, 0, 0, 1, 4
"/home/christian/src/micro/kernel/kern/acpi.c", "C", 0, 0, 0, 0, 41, 0, 0, 0, 0, 0, 7, 48
"/home/christian/src/micro/kernel/kern/binfmt.c", "C", 0, 0, 0, 0, 96, 0, 0, 0, 0, 9, 32, 137
"/home/christian/src/micro/kernel/kern/debug/kasan.c", "C", 0, 0, 0, 0, 43, 0, 0, 0, 0, 0, 28, 71
"/home/christian/src/micro/kernel/kern/debug/serial.c", "C", 0, 0, 0, 0, 58, 0, 0, 0, 0, 10, 19, 87
"/home/christian/src/micro/kernel/kern/debug/ubsan.c", "C", 0, 0, 0, 0, 164, 0, 0, 0, 0, 1, 36, 201
"/home/christian/src/micro/kernel/kern/dev.c", "C", 0, 0, 0, 0, 17, 0, 0, 0, 0, 0, 3, 20
"/home/christian/src/micro/kernel/kern/exec.c", "C", 0, 0, 0, 0, 39, 0, 0, 0, 0, 1, 9, 49
"/home/christian/src/micro/kernel/kern/exit.c", "C", 0, 0, 0, 0, 98, 0, 0, 0, 0, 6, 26, 130
"/home/christian/src/micro/kernel/kern/fbdev.c", "C", 0, 0, 0, 0, 76, 0, 0, 0, 0, 0, 18, 94
"/home/christian/src/micro/kernel/kern/fork.c", "C", 0, 0, 0, 0, 14, 0, 0, 0, 0, 0, 6, 20
"/home/christian/src/micro/kernel/kern/fs/devfs.c", "C", 0, 0, 0, 0, 65, 0, 0, 0, 0, 1, 20, 86
"/home/christian/src/micro/kernel/kern/fs/fcntl.c", "C", 0, 0, 0, 0, 42, 0, 0, 0, 0, 1, 11, 54
"/home/christian/src/micro/kernel/kern/fs/ioctl.c", "C", 0, 0, 0, 0, 10, 0, 0, 0, 0, 0, 4, 14
"/home/christian/src/micro/kernel/kern/fs/link.c", "C", 0, 0, 0, 0, 64, 0, 0, 0, 0, 0, 26, 90
"/home/christian/src/micro/kernel/kern/fs/mount.c", "C", 0, 0, 0, 0, 21, 0, 0, 0, 0, 0, 6, 27
"/home/christian/src/micro/kernel/kern/fs/open.c", "C", 0, 0, 0, 0, 101, 0, 0, 0, 0, 4, 43, 148
"/home/christian/src/micro/kernel/kern/fs/pipe.c", "C", 0, 0, 0, 0, 109, 0, 0, 0, 0, 2, 35, 146
"/home/christian/src/micro/kernel/kern/fs/procfs.c", "C", 0, 0, 0, 0, 6, 0, 0, 0, 0, 8, 1, 15
"/home/christian/src/micro/kernel/kern/fs/readdir.c", "C", 0, 0, 0, 0, 11, 0, 0, 0, 0, 0, 4, 15
"/home/christian/src/micro/kernel/kern/fs/readwr.c", "C", 0, 0, 0, 0, 55, 0, 0, 0, 0, 7, 20, 82
"/home/christian/src/micro/kernel/kern/fs/vfs.c", "C", 0, 0, 0, 0, 405, 0, 0, 0, 0, 18, 123, 546
"/home/christian/src/micro/kernel/kern/heap.c", "C", 0, 0, 0, 0, 120, 0, 0, 0, 0, 11, 28, 159
"/home/christian/src/micro/kernel/kern/init.c", "C", 0, 0, 0, 0, 154, 0, 0, 0, 0, 5, 48, 207
"/home/christian/src/micro/kernel/kern/kern.mk", "Makefile", 0, 0, 0, 0, 0, 44, 0, 0, 0, 0, 0, 44
"/home/christian/src/micro/kernel/kern/ksym.c", "C", 0, 0, 0, 0, 51, 0, 0, 0, 0, 3, 4, 58
"/home/christian/src/micro/kernel/kern/list.c", "C", 0, 0, 0, 0, 105, 0, 0, 0, 0, 14, 33, 152
"/home/christian/src/micro/kernel/kern/mm/mmap.c", "C", 0, 0, 0, 0, 48, 0, 0, 0, 0, 5, 14, 67
"/home/christian/src/micro/kernel/kern/module.c", "C", 0, 0, 0, 0, 128, 0, 0, 0, 0, 9, 33, 170
"/home/christian/src/micro/kernel/kern/net/socket.c", "C", 0, 0, 0, 0, 5, 0, 0, 0, 0, 0, 1, 6
"/home/christian/src/micro/kernel/kern/pci.c", "C", 0, 0, 0, 0, 139, 0, 0, 0, 0, 1, 21, 161
"/home/christian/src/micro/kernel/kern/ptrace.c", "C", 0, 0, 0, 0, 47, 0, 0, 0, 0, 0, 11, 58
"/home/christian/src/micro/kernel/kern/reboot.c", "C", 0, 0, 0, 0, 7, 0, 0, 0, 0, 0, 1, 8
"/home/christian/src/micro/kernel/kern/ringbuf.c", "C", 0, 0, 0, 0, 62, 0, 0, 0, 0, 3, 13, 78
"/home/christian/src/micro/kernel/kern/sched.c", "C", 0, 0, 0, 0, 119, 0, 0, 0, 0, 1, 29, 149
"/home/christian/src/micro/kernel/kern/sem.c", "C", 0, 0, 0, 0, 31, 0, 0, 0, 0, 4, 5, 40
"/home/christian/src/micro/kernel/kern/signal.c", "C", 0, 0, 0, 0, 62, 0, 0, 0, 0, 1, 15, 78
"/home/christian/src/micro/kernel/kern/stat.c", "C", 0, 0, 0, 0, 59, 0, 0, 0, 0, 0, 16, 75
"/home/christian/src/micro/kernel/kern/stdlib.c", "C", 0, 0, 0, 0, 140, 0, 0, 0, 0, 0, 41, 181
"/home/christian/src/micro/kernel/kern/sys.c", "C", 0, 0, 0, 0, 252, 0, 0, 0, 0, 6, 48, 306
"/home/christian/src/micro/kernel/kern/task.c", "C", 0, 0, 0, 0, 221, 0, 0, 0, 0, 13, 73, 307
"/home/christian/src/micro/kernel/kern/thread.c", "C", 0, 0, 0, 0, 133, 0, 0, 0, 0, 7, 25, 165
"/home/christian/src/micro/kernel/kern/time.c", "C", 0, 0, 0, 0, 50, 0, 0, 0, 0, 1, 13, 64
"/home/christian/src/micro/kernel/kern/tree.c", "C", 0, 0, 0, 0, 14, 0, 0, 0, 0, 0, 3, 17
"/home/christian/src/micro/kernel/kern/tty.c", "C", 0, 0, 0, 0, 162, 0, 0, 0, 0, 15, 57, 234
"/home/christian/src/micro/kernel/kern/vga.c", "C", 0, 0, 0, 0, 33, 0, 0, 0, 0, 18, 12, 63
"/home/christian/src/micro/kernel/kernel.ld", "LinkerScript", 0, 0, 42, 0, 0, 0, 0, 0, 0, 0, 14, 56
"/home/christian/src/micro/kernel/tools/mkinitrd.c", "C", 0, 0, 0, 0, 34, 0, 0, 0, 0, 3, 11, 48
"/home/christian/src/micro/share/subdir.mk", "Makefile", 0, 0, 0, 0, 0, 5, 0, 0, 0, 0, 3, 8
"/home/christian/src/micro/toolchain/binutils.patch", "Diff", 0, 0, 0, 0, 0, 0, 0, 0, 133, 2, 3, 138
"/home/christian/src/micro/toolchain/gcc.patch", "Diff", 0, 0, 0, 0, 0, 0, 0, 0, 115, 3, 5, 123
"/home/christian/src/micro/toolchain/toolchain.sh", "Shell Script", 1, 0, 0, 0, 0, 0, 0, 0, 0, 1, 1, 3
"/home/christian/src/micro/usr/Makefile", "Makefile", 0, 0, 0, 0, 0, 2, 0, 0, 0, 0, 0, 2
"/home/christian/src/micro/usr/apps/Makefile", "Makefile", 0, 0, 0, 0, 0, 2, 0, 0, 0, 0, 0, 2
"/home/christian/src/micro/usr/apps/binutils/Makefile", "Makefile", 0, 0, 0, 0, 0, 2, 0, 0, 0, 0, 0, 2
"/home/christian/src/micro/usr/apps/binutils/ld/main.c", "C", 0, 0, 0, 0, 3, 0, 0, 0, 0, 0, 1, 4
"/home/christian/src/micro/usr/apps/coreutils/Makefile", "Makefile", 0, 0, 0, 0, 0, 43, 0, 0, 0, 0, 7, 50
"/home/christian/src/micro/usr/apps/coreutils/cat.c", "C", 0, 0, 0, 0, 29, 0, 0, 0, 0, 21, 9, 59
"/home/christian/src/micro/usr/apps/coreutils/chmod.c", "C", 0, 0, 0, 0, 88, 0, 0, 0, 0, 0, 11, 99
"/home/christian/src/micro/usr/apps/coreutils/chown.c", "C", 0, 0, 0, 0, 31, 0, 0, 0, 0, 1, 8, 40
"/home/christian/src/micro/usr/apps/coreutils/date.c", "C", 0, 0, 0, 0, 7, 0, 0, 0, 0, 0, 3, 10
"/home/christian/src/micro/usr/apps/coreutils/du.c", "C", 0, 0, 0, 0, 33, 0, 0, 0, 0, 0, 8, 41
"/home/christian/src/micro/usr/apps/coreutils/echo.c", "C", 0, 0, 0, 0, 5, 0, 0, 0, 0, 0, 1, 6
"/home/christian/src/micro/usr/apps/coreutils/grep.c", "C", 0, 0, 0, 0, 55, 0, 0, 0, 0, 2, 11, 68
"/home/christian/src/micro/usr/apps/coreutils/hexdump.c", "C", 0, 0, 0, 0, 40, 0, 0, 0, 0, 0, 11, 51
"/home/christian/src/micro/usr/apps/coreutils/id.c", "C", 0, 0, 0, 0, 57, 0, 0, 0, 0, 33, 24, 114
"/home/christian/src/micro/usr/apps/coreutils/insmod.c", "C", 0, 0, 0, 0, 29, 0, 0, 0, 0, 0, 7, 36
"/home/christian/src/micro/usr/apps/coreutils/linker.ld", "LinkerScript", 0, 0, 23, 0, 0, 0, 0, 0, 0, 0, 2, 25
"/home/christian/src/micro/usr/apps/coreutils/ln.c", "C", 0, 0, 0, 0, 45, 0, 0, 0, 0, 1, 10, 56
"/home/christian/src/micro/usr/apps/coreutils/ls.c", "C", 0, 0, 0, 0, 103, 0, 0, 0, 0, 1, 23, 127
"/home/christian/src/micro/usr/apps/coreutils/mkdir.c", "C", 0, 0, 0, 0, 18, 0, 0, 0, 0, 0, 3, 21
"/home/christian/src/micro/usr/apps/coreutils/mount.c", "C", 0, 0, 0, 0, 16, 0, 0, 0, 0, 0, 3, 19
"/home/christian/src/micro/usr/apps/coreutils/mv.c", "C", 0, 0, 0, 0, 16, 0, 0, 0, 0, 0, 3, 19
"/home/christian/src/micro/usr/apps/coreutils/pwd.c", "C", 0, 0, 0, 0, 13, 0, 0, 0, 0, 0, 2, 15
"/home/christian/src/micro/usr/apps/coreutils/readlink.c", "C", 0, 0, 0, 0, 19, 0, 0, 0, 0, 0, 5, 24
"/home/christian/src/micro/usr/apps/coreutils/rm.c", "C", 0, 0, 0, 0, 71, 0, 0, 0, 0, 0, 14, 85
"/home/christian/src/micro/usr/apps/coreutils/rmdir.c", "C", 0, 0, 0, 0, 16, 0, 0, 0, 0, 0, 3, 19
"/home/christian/src/micro/usr/apps/coreutils/rmmod.c", "C", 0, 0, 0, 0, 19, 0, 0, 0, 0, 0, 4, 23
"/home/christian/src/micro/usr/apps/coreutils/stat.c", "C", 0, 0, 0, 0, 78, 0, 0, 0, 0, 1, 16, 95
"/home/christian/src/micro/usr/apps/coreutils/tee.c", "C", 0, 0, 0, 0, 17, 0, 0, 0, 0, 0, 3, 20
"/home/christian/src/micro/usr/apps/coreutils/touch.c", "C", 0, 0, 0, 0, 19, 0, 0, 0, 0, 0, 4, 23
"/home/christian/src/micro/usr/apps/coreutils/umount.c", "C", 0, 0, 0, 0, 16, 0, 0, 0, 0, 0, 3, 19
"/home/christian/src/micro/usr/apps/coreutils/uname.c", "C", 0, 0, 0, 0, 36, 0, 0, 0, 0, 0, 7, 43
"/home/christian/src/micro/usr/apps/coreutils/whoami.c", "C", 0, 0, 0, 0, 16, 0, 0, 0, 0, 0, 2, 18
"/home/christian/src/micro/usr/apps/db/Makefile", "Makefile", 0, 0, 0, 0, 0, 20, 0, 0, 0, 0, 7, 27
"/home/christian/src/micro/usr/apps/db/db.c", "C", 0, 0, 0, 0, 77, 0, 0, 0, 0, 0, 12, 89
"/home/christian/src/micro/usr/apps/ed/Makefile", "Makefile", 0, 0, 0, 0, 0, 20, 0, 0, 0, 0, 7, 27
"/home/christian/src/micro/usr/apps/ed/ed.c", "C", 0, 0, 0, 0, 82, 0, 0, 0, 0, 0, 26, 108
"/home/christian/src/micro/usr/apps/sh/Makefile", "Makefile", 0, 0, 0, 0, 0, 20, 0, 0, 0, 0, 7, 27
"/home/christian/src/micro/usr/apps/sh/linker.ld", "LinkerScript", 0, 0, 23, 0, 0, 0, 0, 0, 0, 0, 2, 25
"/home/christian/src/micro/usr/apps/sh/sh.c", "C", 0, 0, 0, 0, 119, 0, 0, 0, 0, 3, 29, 151
"/home/christian/src/micro/usr/apps/term/Makefile", "Makefile", 0, 0, 0, 0, 0, 20, 0, 0, 0, 0, 7, 27
"/home/christian/src/micro/usr/apps/term/term.c", "C", 0, 0, 0, 0, 261, 0, 0, 0, 0, 10, 58, 329
"/home/christian/src/micro/usr/apps/test/Makefile", "Makefile", 0, 0, 0, 0, 0, 19, 0, 0, 0, 0, 8, 27
"/home/christian/src/micro/usr/apps/test/test.c", "C", 0, 0, 0, 0, 6, 0, 0, 0, 0, 0, 1, 7
"/home/christian/src/micro/usr/apps/vgaterm/Makefile", "Makefile", 0, 0, 0, 0, 0, 20, 0, 0, 0, 0, 7, 27
"/home/christian/src/micro/usr/apps/vgaterm/term.c", "C", 0, 0, 0, 0, 51, 0, 0, 0, 0, 0, 6, 57
"/home/christian/src/micro/usr/libs/Makefile", "Makefile", 0, 0, 0, 0, 0, 2, 0, 0, 0, 0, 0, 2
"/home/christian/src/micro/usr/libs/libc/Makefile", "Makefile", 0, 0, 0, 0, 0, 298, 0, 0, 0, 0, 12, 310
"/home/christian/src/micro/usr/libs/libc/README.md", "Markdown", 0, 0, 0, 10, 0, 0, 0, 0, 0, 0, 3, 13
"/home/christian/src/micro/usr/libs/libc/arch/x86_64/longjmp.S", "GAS/AT&T x86/x64", 0, 0, 0, 0, 0, 0, 12, 0, 0, 2, 2, 16
"/home/christian/src/micro/usr/libs/libc/arch/x86_64/setjmp.S", "GAS/AT&T x86/x64", 0, 0, 0, 0, 0, 0, 13, 0, 0, 2, 1, 16
"/home/christian/src/micro/usr/libs/libc/assert/assert.c", "C", 0, 0, 0, 0, 8, 0, 0, 0, 0, 0, 1, 9
"/home/christian/src/micro/usr/libs/libc/ctype/isalnum.c", "C", 0, 0, 0, 0, 7, 0, 0, 0, 0, 0, 1, 8
"/home/christian/src/micro/usr/libs/libc/ctype/isalpha.c", "C", 0, 0, 0, 0, 6, 0, 0, 0, 0, 0, 1, 7
"/home/christian/src/micro/usr/libs/libc/ctype/iscntrl.c", "C", 0, 0, 0, 0, 5, 0, 0, 0, 0, 0, 1, 6
"/home/christian/src/micro/usr/libs/libc/ctype/isdigit.c", "C", 0, 0, 0, 0, 5, 0, 0, 0, 0, 0, 1, 6
"/home/christian/src/micro/usr/libs/libc/ctype/isgraph.c", "C", 0, 0, 0, 0, 5, 0, 0, 0, 0, 0, 1, 6
"/home/christian/src/micro/usr/libs/libc/ctype/islower.c", "C", 0, 0, 0, 0, 5, 0, 0, 0, 0, 0, 1, 6
"/home/christian/src/micro/usr/libs/libc/ctype/isprint.c", "C", 0, 0, 0, 0, 5, 0, 0, 0, 0, 0, 1, 6
"/home/christian/src/micro/usr/libs/libc/ctype/ispunct.c", "C", 0, 0, 0, 0, 8, 0, 0, 0, 0, 0, 1, 9
"/home/christian/src/micro/usr/libs/libc/ctype/isspace.c", "C", 0, 0, 0, 0, 7, 0, 0, 0, 0, 0, 1, 8
"/home/christian/src/micro/usr/libs/libc/ctype/isupper.c", "C", 0, 0, 0, 0, 5, 0, 0, 0, 0, 0, 1, 6
"/home/christian/src/micro/usr/libs/libc/ctype/isxdigit.c", "C", 0, 0, 0, 0, 7, 0, 0, 0, 0, 0, 1, 8
"/home/christian/src/micro/usr/libs/libc/ctype/tolower.c", "C", 0, 0, 0, 0, 6, 0, 0, 0, 0, 0, 1, 7
"/home/christian/src/micro/usr/libs/libc/ctype/toupper.c", "C", 0, 0, 0, 0, 6, 0, 0, 0, 0, 0, 1, 7
"/home/christian/src/micro/usr/libs/libc/elf/Makefile", "Makefile", 0, 0, 0, 0, 0, 19, 0, 0, 0, 0, 8, 27
"/home/christian/src/micro/usr/libs/libc/elf/ld.c", "C", 0, 0, 0, 0, 111, 0, 0, 0, 0, 5, 42, 158
"/home/christian/src/micro/usr/libs/libc/elf/linker.ld", "LinkerScript", 0, 0, 22, 0, 0, 0, 0, 0, 0, 0, 2, 24
"/home/christian/src/micro/usr/libs/libc/include/alloca.h", "C++", 0, 0, 0, 0, 0, 0, 0, 2, 0, 0, 1, 3
"/home/christian/src/micro/usr/libs/libc/include/assert.h", "C++", 0, 0, 0, 0, 0, 0, 0, 5, 0, 0, 2, 7
"/home/christian/src/micro/usr/libs/libc/include/ctype.h", "C++", 0, 0, 0, 0, 0, 0, 0, 14, 0, 0, 2, 16
"/home/christian/src/micro/usr/libs/libc/include/errno.h", "C++", 0, 0, 0, 0, 0, 0, 0, 37, 0, 1, 4, 42
"/home/christian/src/micro/usr/libs/libc/include/inttypes.h", "C++", 0, 0, 0, 0, 0, 0, 0, 13, 0, 0, 3, 16
"/home/christian/src/micro/usr/libs/libc/include/limits.h", "C++", 0, 0, 0, 0, 0, 0, 0, 19, 0, 0, 8, 27
"/home/christian/src/micro/usr/libs/libc/include/locale.h", "C++", 0, 0, 0, 0, 0, 0, 0, 30, 0, 0, 3, 33
"/home/christian/src/micro/usr/libs/libc/include/math.h", "C++", 0, 0, 0, 0, 0, 0, 0, 21, 0, 0, 2, 23
"/home/christian/src/micro/usr/libs/libc/include/memory.h", "C++", 0, 0, 0, 0, 0, 0, 0, 2, 0, 0, 1, 3
"/home/christian/src/micro/usr/libs/libc/include/setjmp.h", "C++", 0, 0, 0, 0, 0, 0, 0, 6, 0, 0, 2, 8
"/home/christian/src/micro/usr/libs/libc/include/signal.h", "C++", 0, 0, 0, 0, 0, 0, 0, 60, 0, 1, 12, 73
"/home/christian/src/micro/usr/libs/libc/include/stdarg.h", "C++", 0, 0, 0, 0, 0, 0, 0, 6, 0, 0, 2, 8
"/home/christian/src/micro/usr/libs/libc/include/stdbool.h", "C++", 0, 0, 0, 0, 0, 0, 0, 4, 0, 0, 1, 5
"/home/christian/src/micro/usr/libs/libc/include/stddef.h", "C++", 0, 0, 0, 0, 0, 0, 0, 6, 0, 0, 3, 9
"/home/christian/src/micro/usr/libs/libc/include/stdint.h", "C++", 0, 0, 0, 0, 0, 0, 0, 25, 0, 0, 7, 32
"/home/christian/src/micro/usr/libs/libc/include/stdio.h", "C++", 0, 0, 0, 0, 0, 0, 0, 74, 0, 2, 31, 107
"/home/christian/src/micro/usr/libs/libc/include/stdlib.h", "C++", 0, 0, 0, 0, 0, 0, 0, 39, 0, 0, 19, 58
"/home/christian/src/micro/usr/libs/libc/include/string.h", "C++", 0, 0, 0, 0, 0, 0, 0, 35, 0, 1, 4, 40
"/home/christian/src/micro/usr/libs/libc/include/time.h", "C++", 0, 0, 0, 0, 0, 0, 0, 36, 0, 0, 14, 50
"/home/christian/src/micro/usr/libs/libc/include/wchar.h", "C++", 0, 0, 0, 0, 0, 0, 0, 11, 0, 0, 3, 14
"/home/christian/src/micro/usr/libs/libc/include/wctype.h", "C++", 0, 0, 0, 0, 0, 0, 0, 8, 0, 0, 4, 12
"/home/christian/src/micro/usr/libs/libc/internal/generic/crt0.S", "GAS/AT&T x86/x64", 0, 0, 0, 0, 0, 0, 5, 0, 0, 0, 1, 6
"/home/christian/src/micro/usr/libs/libc/internal/generic/init.c", "C", 0, 0, 0, 0, 5, 0, 0, 0, 0, 0, 2, 7
"/home/christian/src/micro/usr/libs/libc/internal/generic/start.c", "C", 0, 0, 0, 0, 20, 0, 0, 0, 0, 2, 10, 32
"/home/christian/src/micro/usr/libs/libc/internal/include/libc/libc-internal.h", "C++", 0, 0, 0, 0, 0, 0, 0, 5, 0, 0, 3, 8
"/home/christian/src/micro/usr/libs/libc/internal/include/libc/syscall.h", "C++", 0, 0, 0, 0, 0, 0, 0, 25, 0, 2, 5, 32
"/home/christian/src/micro/usr/libs/libc/locale/localeconv.c", "C", 0, 0, 0, 0, 26, 0, 0, 0, 0, 0, 2, 28
"/home/christian/src/micro/usr/libs/libc/locale/nl_langinfo.c", "C", 0, 0, 0, 0, 62, 0, 0, 0, 0, 0, 2, 64
"/home/christian/src/micro/usr/libs/libc/locale/setlocale.c", "C", 0, 0, 0, 0, 6, 0, 0, 0, 0, 0, 2, 8
"/home/christian/src/micro/usr/libs/libc/malloc/malloc.c", "C", 0, 0, 0, 0, 116, 0, 0, 0, 0, 12, 30, 158
"/home/christian/src/micro/usr/libs/libc/math/acos.c", "C", 0, 0, 0, 0, 7, 0, 0, 0, 0, 0, 1, 8
"/home/christian/src/micro/usr/libs/libc/math/asin.c", "C", 0, 0, 0, 0, 7, 0, 0, 0, 0, 0, 1, 8
"/home/christian/src/micro/usr/libs/libc/math/atan.c", "C", 0, 0, 0, 0, 7, 0, 0, 0, 0, 0, 1, 8
"/home/christian/src/micro/usr/libs/libc/math/atan2.c", "C", 0, 0, 0, 0, 7, 0, 0, 0, 0, 0, 1, 8
"/home/christian/src/micro/usr/libs/libc/math/ceil.c", "C", 0, 0, 0, 0, 6, 0, 0, 0, 0, 0, 1, 7
"/home/christian/src/micro/usr/libs/libc/math/cos.c", "C", 0, 0, 0, 0, 7, 0, 0, 0, 0, 0, 1, 8
"/home/christian/src/micro/usr/libs/libc/math/exp.c", "C", 0, 0, 0, 0, 7, 0, 0, 0, 0, 0, 1, 8
"/home/christian/src/micro/usr/libs/libc/math/fabs.c", "C", 0, 0, 0, 0, 7, 0, 0, 0, 0, 0, 1, 8
"/home/christian/src/micro/usr/libs/libc/math/floor.c", "C", 0, 0, 0, 0, 6, 0, 0, 0, 0, 0, 1, 7
"/home/christian/src/micro/usr/libs/libc/math/fmod.c", "C", 0, 0, 0, 0, 5, 0, 0, 0, 0, 0, 1, 6
"/home/christian/src/micro/usr/libs/libc/math/frexp.c", "C", 0, 0, 0, 0, 7, 0, 0, 0, 0, 0, 1, 8
"/home/christian/src/micro/usr/libs/libc/math/log.c", "C", 0, 0, 0, 0, 5, 0, 0, 0, 0, 0, 1, 6
"/home/christian/src/micro/usr/libs/libc/math/log10.c", "C", 0, 0, 0, 0, 13, 0, 0, 0, 0, 0, 1, 14
"/home/christian/src/micro/usr/libs/libc/math/log2.c", "C", 0, 0, 0, 0, 7, 0, 0, 0, 0, 0, 1, 8
"/home/christian/src/micro/usr/libs/libc/math/pow.c", "C", 0, 0, 0, 0, 7, 0, 0, 0, 0, 0, 2, 9
"/home/christian/src/micro/usr/libs/libc/math/sin.c", "C", 0, 0, 0, 0, 7, 0, 0, 0, 0, 0, 1, 8
"/home/christian/src/micro/usr/libs/libc/math/sqrt.c", "C", 0, 0, 0, 0, 7, 0, 0, 0, 0, 1, 1, 9
"/home/christian/src/micro/usr/libs/libc/math/tan.c", "C", 0, 0, 0, 0, 7, 0, 0, 0, 0, 0, 1, 8
"/home/christian/src/micro/usr/libs/libc/math/trunc.c", "C", 0, 0, 0, 0, 5, 0, 0, 0, 0, 0, 1, 6
"/home/christian/src/micro/usr/libs/libc/misc/errno.c", "C", 0, 0, 0, 0, 2, 0, 0, 0, 0, 0, 1, 3
"/home/christian/src/micro/usr/libs/libc/posix/generic/closedir.c", "C", 0, 0, 0, 0, 9, 0, 0, 0, 0, 0, 1, 10
"/home/christian/src/micro/usr/libs/libc/posix/generic/dlfcn.c", "C", 0, 0, 0, 0, 18, 0, 0, 0, 0, 1, 4, 23
"/home/christian/src/micro/usr/libs/libc/posix/generic/endgrent.c", "C", 0, 0, 0, 0, 6, 0, 0, 0, 0, 0, 1, 7
"/home/christian/src/micro/usr/libs/libc/posix/generic/execv.c", "C", 0, 0, 0, 0, 7, 0, 0, 0, 0, 0, 2, 9
"/home/christian/src/micro/usr/libs/libc/posix/generic/execvp.c", "C", 0, 0, 0, 0, 7, 0, 0, 0, 0, 2, 2, 11
"/home/christian/src/micro/usr/libs/libc/posix/generic/fpathconf.c", "C", 0, 0, 0, 0, 7, 0, 0, 0, 0, 0, 1, 8
"/home/christian/src/micro/usr/libs/libc/posix/generic/getgrent.c", "C", 0, 0, 0, 0, 7, 0, 0, 0, 0, 0, 1, 8
"/home/christian/src/micro/usr/libs/libc/posix/generic/getlogin.c", "C", 0, 0, 0, 0, 7, 0, 0, 0, 0, 0, 1, 8
"/home/christian/src/micro/usr/libs/libc/posix/generic/getopt.c", "C", 0, 0, 0, 0, 32, 0, 0, 0, 0, 0, 10, 42
"/home/christian/src/micro/usr/libs/libc/posix/generic/getpwuid.c", "C", 0, 0, 0, 0, 54, 0, 0, 0, 0, 1, 13, 68
"/home/christian/src/micro/usr/libs/libc/posix/generic/isatty.c", "C", 0, 0, 0, 0, 6, 0, 0, 0, 0, 1, 1, 8
"/home/christian/src/micro/usr/libs/libc/posix/generic/opendir.c", "C", 0, 0, 0, 0, 13, 0, 0, 0, 0, 0, 2, 15
"/home/christian/src/micro/usr/libs/libc/posix/generic/openpty.c", "C", 0, 0, 0, 0, 23, 0, 0, 0, 0, 2, 7, 32
"/home/christian/src/micro/usr/libs/libc/posix/generic/pathconf.c", "C", 0, 0, 0, 0, 12, 0, 0, 0, 0, 0, 2, 14
"/home/christian/src/micro/usr/libs/libc/posix/generic/setgrent.c", "C", 0, 0, 0, 0, 6, 0, 0, 0, 0, 0, 1, 7
"/home/christian/src/micro/usr/libs/libc/posix/generic/tcflow.c", "C", 0, 0, 0, 0, 7, 0, 0, 0, 0, 0, 1, 8
"/home/christian/src/micro/usr/libs/libc/posix/generic/wait.c", "C", 0, 0, 0, 0, 5, 0, 0, 0, 0, 0, 1, 6
"/home/christian/src/micro/usr/libs/libc/posix/include/bits/confname.h", "C++", 0, 0, 0, 0, 0, 0, 0, 7, 0, 0, 2, 9
"/home/christian/src/micro/usr/libs/libc/posix/include/dirent.h", "C++", 0, 0, 0, 0, 0, 0, 0, 27, 0, 0, 7, 34
"/home/christian/src/micro/usr/libs/libc/posix/include/dlfcn.h", "C++", 0, 0, 0, 0, 0, 0, 0, 9, 0, 0, 2, 11
"/home/christian/src/micro/usr/libs/libc/posix/include/elf.h", "C++", 0, 0, 0, 0, 0, 0, 0, 117, 0, 4, 22, 143
"/home/christian/src/micro/usr/libs/libc/posix/include/fcntl.h", "C++", 0, 0, 0, 0, 0, 0, 0, 34, 0, 0, 9, 43
"/home/christian/src/micro/usr/libs/libc/posix/include/getopt.h", "C++", 0, 0, 0, 0, 0, 0, 0, 1, 0, 0, 0, 1
"/home/christian/src/micro/usr/libs/libc/posix/include/grp.h", "C++", 0, 0, 0, 0, 0, 0, 0, 13, 0, 0, 4, 17
"/home/christian/src/micro/usr/libs/libc/posix/include/langinfo.h", "C++", 0, 0, 0, 0, 0, 0, 0, 61, 0, 0, 4, 65
"/home/christian/src/micro/usr/libs/libc/posix/include/pty.h", "C++", 0, 0, 0, 0, 0, 0, 0, 5, 0, 0, 2, 7
"/home/christian/src/micro/usr/libs/libc/posix/include/pwd.h", "C++", 0, 0, 0, 0, 0, 0, 0, 14, 0, 0, 3, 17
"/home/christian/src/micro/usr/libs/libc/posix/include/regex.h", "C++", 0, 0, 0, 0, 0, 0, 0, 24, 0, 0, 7, 31
"/home/christian/src/micro/usr/libs/libc/posix/include/strings.h", "C++", 0, 0, 0, 0, 0, 0, 0, 4, 0, 0, 2, 6
"/home/christian/src/micro/usr/libs/libc/posix/include/sys/file.h", "C++", 0, 0, 0, 0, 0, 0, 0, 0, 0, 0, 1, 1
"/home/christian/src/micro/usr/libs/libc/posix/include/sys/ioctl.h", "C++", 0, 0, 0, 0, 0, 0, 0, 8, 0, 0, 2, 10
"/home/christian/src/micro/usr/libs/libc/posix/include/sys/mman.h", "C++", 0, 0, 0, 0, 0, 0, 0, 14, 0, 0, 7, 21
"/home/christian/src/micro/usr/libs/libc/posix/include/sys/mount.h", "C++", 0, 0, 0, 0, 0, 0, 0, 5, 0, 0, 1, 6
"/home/christian/src/micro/usr/libs/libc/posix/include/sys/param.h", "C++", 0, 0, 0, 0, 0, 0, 0, 0, 0, 0, 1, 1
"/home/christian/src/micro/usr/libs/libc/posix/include/sys/ptrace.h", "C++", 0, 0, 0, 0, 0, 0, 0, 11, 0, 0, 3, 14
"/home/christian/src/micro/usr/libs/libc/posix/include/sys/resource.h", "C++", 0, 0, 0, 0, 0, 0, 0, 11, 0, 0, 5, 16
"/home/christian/src/micro/usr/libs/libc/posix/include/sys/select.h", "C++", 0, 0, 0, 0, 0, 0, 0, 5, 0, 0, 1, 6
"/home/christian/src/micro/usr/libs/libc/posix/include/sys/socket.h", "C++", 0, 0, 0, 0, 0, 0, 0, 2, 0, 0, 1, 3
"/home/christian/src/micro/usr/libs/libc/posix/include/sys/stat.h", "C++", 0, 0, 0, 0, 0, 0, 0, 58, 0, 1, 11, 70
"/home/christian/src/micro/usr/libs/libc/posix/include/sys/syscall.h", "C++", 0, 0, 0, 0, 0, 0, 0, 72, 0, 0, 2, 74
"/home/christian/src/micro/usr/libs/libc/posix/include/sys/time.h", "C++", 0, 0, 0, 0, 0, 0, 0, 15, 0, 0, 5, 20
"/home/christian/src/micro/usr/libs/libc/posix/include/sys/times.h", "C++", 0, 0, 0, 0, 0, 0, 0, 10, 0, 0, 3, 13
"/home/christian/src/micro/usr/libs/libc/posix/include/sys/types.h", "C++", 0, 0, 0, 0, 0, 0, 0, 28, 0, 1, 5, 34
"/home/christian/src/micro/usr/libs/libc/posix/include/sys/user.h", "C++", 0, 0, 0, 0, 0, 0, 0, 31, 0, 0, 2, 33
"/home/christian/src/micro/usr/libs/libc/posix/include/sys/utsname.h", "C++", 0, 0, 0, 0, 0, 0, 0, 12, 0, 0, 3, 15
"/home/christian/src/micro/usr/libs/libc/posix/include/sys/wait.h", "C++", 0, 0, 0, 0, 0, 0, 0, 11, 0, 0, 4, 15
"/home/christian/src/micro/usr/libs/libc/posix/include/termios.h", "C++", 0, 0, 0, 0, 0, 0, 0, 90, 0, 6, 12, 108
"/home/christian/src/micro/usr/libs/libc/posix/include/unistd.h", "C++", 0, 0, 0, 0, 0, 0, 0, 63, 0, 0, 26, 89
"/home/christian/src/micro/usr/libs/libc/posix/include/utime.h", "C++", 0, 0, 0, 0, 0, 0, 0, 8, 0, 0, 3, 11
"/home/christian/src/micro/usr/libs/libc/regex/regcomp.c", "C", 0, 0, 0, 0, 7, 0, 0, 0, 0, 0, 1, 8
"/home/christian/src/micro/usr/libs/libc/regex/regerror.c", "C", 0, 0, 0, 0, 8, 0, 0, 0, 0, 0, 1, 9
"/home/christian/src/micro/usr/libs/libc/regex/regexec.c", "C", 0, 0, 0, 0, 8, 0, 0, 0, 0, 0, 1, 9
"/home/christian/src/micro/usr/libs/libc/regex/regfree.c", "C", 0, 0, 0, 0, 6, 0, 0, 0, 0, 0, 1, 7
"/home/christian/src/micro/usr/libs/libc/setjmp/_longjmp.c", "C", 0, 0, 0, 0, 5, 0, 0, 0, 0, 0, 1, 6
"/home/christian/src/micro/usr/libs/libc/setjmp/_setjmp.c", "C", 0, 0, 0, 0, 5, 0, 0, 0, 0, 0, 1, 6
"/home/christian/src/micro/usr/libs/libc/signal/sigaddset.c", "C", 0, 0, 0, 0, 12, 0, 0, 0, 0, 0, 2, 14
"/home/christian/src/micro/usr/libs/libc/signal/sigdelset.c", "C", 0, 0, 0, 0, 12, 0, 0, 0, 0, 0, 2, 14
"/home/christian/src/micro/usr/libs/libc/signal/sigemptyset.c", "C", 0, 0, 0, 0, 6, 0, 0, 0, 0, 0, 1, 7
"/home/christian/src/micro/usr/libs/libc/signal/sigfillset.c", "C", 0, 0, 0, 0, 6, 0, 0, 0, 0, 0, 1, 7
"/home/christian/src/micro/usr/libs/libc/signal/sigismember.c", "C", 0, 0, 0, 0, 11, 0, 0, 0, 0, 0, 2, 13
"/home/christian/src/micro/usr/libs/libc/stdio/clearerr.c", "C", 0, 0, 0, 0, 6, 0, 0, 0, 0, 0, 1, 7
"/home/christian/src/micro/usr/libs/libc/stdio/fclose.c", "C", 0, 0, 0, 0, 9, 0, 0, 0, 0, 0, 1, 10
"/home/christian/src/micro/usr/libs/libc/stdio/fdopen.c", "C", 0, 0, 0, 0, 10, 0, 0, 0, 0, 0, 3, 13
"/home/christian/src/micro/usr/libs/libc/stdio/feof.c", "C", 0, 0, 0, 0, 5, 0, 0, 0, 0, 0, 1, 6
"/home/christian/src/micro/usr/libs/libc/stdio/ferror.c", "C", 0, 0, 0, 0, 5, 0, 0, 0, 0, 0, 1, 6
"/home/christian/src/micro/usr/libs/libc/stdio/fflush.c", "C", 0, 0, 0, 0, 6, 0, 0, 0, 0, 1, 1, 8
"/home/christian/src/micro/usr/libs/libc/stdio/fgetc.c", "C", 0, 0, 0, 0, 8, 0, 0, 0, 0, 0, 1, 9
"/home/christian/src/micro/usr/libs/libc/stdio/fgets.c", "C", 0, 0, 0, 0, 17, 0, 0, 0, 0, 0, 4, 21
"/home/christian/src/micro/usr/libs/libc/stdio/fileno.c", "C", 0, 0, 0, 0, 5, 0, 0, 0, 0, 0, 1, 6
"/home/christian/src/micro/usr/libs/libc/stdio/flockfile.c", "C", 0, 0, 0, 0, 4, 0, 0, 0, 0, 1, 1, 6
"/home/christian/src/micro/usr/libs/libc/stdio/fopen.c", "C", 0, 0, 0, 0, 37, 0, 0, 0, 0, 0, 7, 44
"/home/christian/src/micro/usr/libs/libc/stdio/fprintf.c", "C", 0, 0, 0, 0, 9, 0, 0, 0, 0, 0, 4, 13
"/home/christian/src/micro/usr/libs/libc/stdio/fputc.c", "C", 0, 0, 0, 0, 12, 0, 0, 0, 0, 0, 2, 14
"/home/christian/src/micro/usr/libs/libc/stdio/fputs.c", "C", 0, 0, 0, 0, 6, 0, 0, 0, 0, 0, 1, 7
"/home/christian/src/micro/usr/libs/libc/stdio/fread.c", "C", 0, 0, 0, 0, 10, 0, 0, 0, 0, 0, 3, 13
"/home/christian/src/micro/usr/libs/libc/stdio/freopen.c", "C", 0, 0, 0, 0, 14, 0, 0, 0, 0, 0, 5, 19
"/home/christian/src/micro/usr/libs/libc/stdio/fscanf.c", "C", 0, 0, 0, 0, 7, 0, 0, 0, 0, 0, 1, 8
"/home/christian/src/micro/usr/libs/libc/stdio/fseek.c", "C", 0, 0, 0, 0, 10, 0, 0, 0, 0, 0, 2, 12
"/home/christian/src/micro/usr/libs/libc/stdio/fseeko.c", "C", 0, 0, 0, 0, 5, 0, 0, 0, 0, 0, 1, 6
"/home/christian/src/micro/usr/libs/libc/stdio/ftell.c", "C", 0, 0, 0, 0, 6, 0, 0, 0, 0, 0, 1, 7
"/home/christian/src/micro/usr/libs/libc/stdio/ftello.c", "C", 0, 0, 0, 0, 5, 0, 0, 0, 0, 0, 1, 6
"/home/christian/src/micro/usr/libs/libc/stdio/ftrylockfile.c", "C", 0, 0, 0, 0, 5, 0, 0, 0, 0, 1, 1, 7
"/home/christian/src/micro/usr/libs/libc/stdio/funlockfile.c", "C", 0, 0, 0, 0, 4, 0, 0, 0, 0, 1, 1, 6
"/home/christian/src/micro/usr/libs/libc/stdio/fwrite.c", "C", 0, 0, 0, 0, 10, 0, 0, 0, 0, 0, 3, 13
"/home/christian/src/micro/usr/libs/libc/stdio/getc.c", "C", 0, 0, 0, 0, 5, 0, 0, 0, 0, 0, 1, 6
"/home/christian/src/micro/usr/libs/libc/stdio/getc_unlocked.c", "C", 0, 0, 0, 0, 5, 0, 0, 0, 0, 0, 1, 6
"/home/christian/src/micro/usr/libs/libc/stdio/getchar.c", "C", 0, 0, 0, 0, 5, 0, 0, 0, 0, 0, 1, 6
"/home/christian/src/micro/usr/libs/libc/stdio/getline.c", "C", 0, 0, 0, 0, 17, 0, 0, 0, 0, 0, 7, 24
"/home/christian/src/micro/usr/libs/libc/stdio/pclose.c", "C", 0, 0, 0, 0, 7, 0, 0, 0, 0, 0, 2, 9
"/home/christian/src/micro/usr/libs/libc/stdio/perror.c", "C", 0, 0, 0, 0, 9, 0, 0, 0, 0, 0, 2, 11
"/home/christian/src/micro/usr/libs/libc/stdio/popen.c", "C", 0, 0, 0, 0, 7, 0, 0, 0, 0, 0, 2, 9
"/home/christian/src/micro/usr/libs/libc/stdio/printf.c", "C", 0, 0, 0, 0, 9, 0, 0, 0, 0, 0, 4, 13
"/home/christian/src/micro/usr/libs/libc/stdio/putchar.c", "C", 0, 0, 0, 0, 5, 0, 0, 0, 0, 0, 1, 6
"/home/christian/src/micro/usr/libs/libc/stdio/puts.c", "C", 0, 0, 0, 0, 5, 0, 0, 0, 0, 0, 1, 6
"/home/christian/src/micro/usr/libs/libc/stdio/remove.c", "C", 0, 0, 0, 0, 5, 0, 0, 0, 0, 1, 1, 7
"/home/christian/src/micro/usr/libs/libc/stdio/rewind.c", "C", 0, 0, 0, 0, 5, 0, 0, 0, 0, 0, 1, 6
"/home/christian/src/micro/usr/libs/libc/stdio/setbuf.c", "C", 0, 0, 0, 0, 4, 0, 0, 0, 0, 2, 1, 7
"/home/christian/src/micro/usr/libs/libc/stdio/setvbuf.c", "C", 0, 0, 0, 0, 5, 0, 0, 0, 0, 1, 1, 7
"/home/christian/src/micro/usr/libs/libc/stdio/snprintf.c", "C", 0, 0, 0, 0, 9, 0, 0, 0, 0, 0, 3, 12
"/home/christian/src/micro/usr/libs/libc/stdio/sprintf.c", "C", 0, 0, 0, 0, 9, 0, 0, 0, 0, 1, 4, 14
"/home/christian/src/micro/usr/libs/libc/stdio/sscanf.c", "C", 0, 0, 0, 0, 5, 0, 0, 0, 0, 0, 1, 6
"/home/christian/src/micro/usr/libs/libc/stdio/stdio.c", "C", 0, 0, 0, 0, 22, 0, 0, 0, 0, 0, 4, 26
"/home/christian/src/micro/usr/libs/libc/stdio/tmpfile.c", "C", 0, 0, 0, 0, 24, 0, 0, 0, 0, 7, 5, 36
"/home/christian/src/micro/usr/libs/libc/stdio/tmpnam.c", "C", 0, 0, 0, 0, 7, 0, 0, 0, 0, 0, 1, 8
"/home/christian/src/micro/usr/libs/libc/stdio/ungetc.c", "C", 0, 0, 0, 0, 5, 0, 0, 0, 0, 2, 1, 8
"/home/christian/src/micro/usr/libs/libc/stdio/vfprintf.c", "C", 0, 0, 0, 0, 13, 0, 0, 0, 0, 1, 4, 18
"/home/christian/src/micro/usr/libs/libc/stdio/vprintf.c", "C", 0, 0, 0, 0, 5, 0, 0, 0, 0, 0, 1, 6
"/home/christian/src/micro/usr/libs/libc/stdio/vsnprintf.c", "C", 0, 0, 0, 0, 171, 0, 0, 0, 0, 64, 30, 265
"/home/christian/src/micro/usr/libs/libc/stdio/vsprintf.c", "C", 0, 0, 0, 0, 5, 0, 0, 0, 0, 1, 1, 7
"/home/christian/src/micro/usr/libs/libc/stdlib/abort.c", "C", 0, 0, 0, 0, 6, 0, 0, 0, 0, 0, 1, 7
"/home/christian/src/micro/usr/libs/libc/stdlib/abs.c", "C", 0, 0, 0, 0, 6, 0, 0, 0, 0, 0, 1, 7
"/home/christian/src/micro/usr/libs/libc/stdlib/atexit.c", "C", 0, 0, 0, 0, 5, 0, 0, 0, 0, 1, 1, 7
"/home/christian/src/micro/usr/libs/libc/stdlib/atof.c", "C", 0, 0, 0, 0, 8, 0, 0, 0, 0, 0, 2, 10
"/home/christian/src/micro/usr/libs/libc/stdlib/atoi.c", "C", 0, 0, 0, 0, 6, 0, 0, 0, 0, 17, 1, 24
"/home/christian/src/micro/usr/libs/libc/stdlib/atol.c", "C", 0, 0, 0, 0, 5, 0, 0, 0, 0, 0, 1, 6
"/home/christian/src/micro/usr/libs/libc/stdlib/bsearch.c", "C", 0, 0, 0, 0, 13, 0, 0, 0, 0, 0, 3, 16
"/home/christian/src/micro/usr/libs/libc/stdlib/getenv.c", "C", 0, 0, 0, 0, 19, 0, 0, 0, 0, 0, 6, 25
"/home/christian/src/micro/usr/libs/libc/stdlib/getprogname.c", "C", 0, 0, 0, 0, 6, 0, 0, 0, 0, 0, 2, 8
"/home/christian/src/micro/usr/libs/libc/stdlib/itoa.c", "C", 0, 0, 0, 0, 24, 0, 0, 0, 0, 0, 9, 33
"/home/christian/src/micro/usr/libs/libc/stdlib/mbstowcs.c", "C", 0, 0, 0, 0, 7, 0, 0, 0, 0, 0, 1, 8
"/home/christian/src/micro/usr/libs/libc/stdlib/mkdtemp.c", "C", 0, 0, 0, 0, 7, 0, 0, 0, 0, 0, 1, 8
"/home/christian/src/micro/usr/libs/libc/stdlib/mkstemp.c", "C", 0, 0, 0, 0, 7, 0, 0, 0, 0, 0, 1, 8
"/home/christian/src/micro/usr/libs/libc/stdlib/mktemp.c", "C", 0, 0, 0, 0, 7, 0, 0, 0, 0, 0, 1, 8
"/home/christian/src/micro/usr/libs/libc/stdlib/putenv.c", "C", 0, 0, 0, 0, 23, 0, 0, 0, 0, 1, 5, 29
"/home/christian/src/micro/usr/libs/libc/stdlib/qsort.c", "C", 0, 0, 0, 0, 23, 0, 0, 0, 0, 0, 2, 25
"/home/christian/src/micro/usr/libs/libc/stdlib/rand.c", "C", 0, 0, 0, 0, 11, 0, 0, 0, 0, 0, 3, 14
"/home/christian/src/micro/usr/libs/libc/stdlib/realpath.c", "C", 0, 0, 0, 0, 46, 0, 0, 0, 0, 1, 11, 58
"/home/christian/src/micro/usr/libs/libc/stdlib/strtod.c", "C", 0, 0, 0, 0, 36, 0, 0, 0, 0, 1, 7, 44
"/home/christian/src/micro/usr/libs/libc/stdlib/strtol.c", "C", 0, 0, 0, 0, 26, 0, 0, 0, 0, 1, 7, 34
"/home/christian/src/micro/usr/libs/libc/stdlib/strtoul.c", "C", 0, 0, 0, 0, 19, 0, 0, 0, 0, 0, 5, 24
"/home/christian/src/micro/usr/libs/libc/stdlib/system.c", "C", 0, 0, 0, 0, 7, 0, 0, 0, 0, 0, 1, 8
"/home/christian/src/micro/usr/libs/libc/stdlib/ultoa.c", "C", 0, 0, 0, 0, 21, 0, 0, 0, 0, 0, 7, 28
"/home/christian/src/micro/usr/libs/libc/string/memchr.c", "C", 0, 0, 0, 0, 12, 0, 0, 0, 0, 0, 2, 14
"/home/christian/src/micro/usr/libs/libc/string/memcmp.c", "C", 0, 0, 0, 0, 12, 0, 0, 0, 0, 0, 3, 15
"/home/christian/src/micro/usr/libs/libc/string/memcpy.c", "C", 0, 0, 0, 0, 9, 0, 0, 0, 0, 0, 3, 12
"/home/christian/src/micro/usr/libs/libc/string/memmove.c", "C", 0, 0, 0, 0, 10, 0, 0, 0, 0, 0, 3, 13
"/home/christian/src/micro/usr/libs/libc/string/memset.c", "C", 0, 0, 0, 0, 8, 0, 0, 0, 0, 0, 3, 11
"/home/christian/src/micro/usr/libs/libc/string/strcat.c", "C", 0, 0, 0, 0, 5, 0, 0, 0, 0, 0, 1, 6
"/home/christian/src/micro/usr/libs/libc/string/strchr.c", "C", 0, 0, 0, 0, 10, 0, 0, 0, 0, 0, 2, 12
"/home/christian/src/micro/usr/libs/libc/string/strcmp.c", "C", 0, 0, 0, 0, 15, 0, 0, 0, 0, 0, 4, 19
"/home/christian/src/micro/usr/libs/libc/string/strcoll.c", "C", 0, 0, 0, 0, 5, 0, 0, 0, 0, 0, 1, 6
"/home/christian/src/micro/usr/libs/libc/string/strcpy.c", "C", 0, 0, 0, 0, 13, 0, 0, 0, 0, 0, 4, 17
"/home/christian/src/micro/usr/libs/libc/string/strcspn.c", "C", 0, 0, 0, 0, 12, 0, 0, 0, 0, 0, 2, 14
"/home/christian/src/micro/usr/libs/libc/string/strdup.c", "C", 0, 0, 0, 0, 8, 0, 0, 0, 0, 0, 1, 9
"/home/christian/src/micro/usr/libs/libc/string/strerror.c", "C", 0, 0, 0, 0, 47, 0, 0, 0, 0, 0, 8, 55
"/home/christian/src/micro/usr/libs/libc/string/strlen.c", "C", 0, 0, 0, 0, 7, 0, 0, 0, 0, 0, 3, 10
"/home/christian/src/micro/usr/libs/libc/string/strncat.c", "C", 0, 0, 0, 0, 5, 0, 0, 0, 0, 0, 1, 6
"/home/christian/src/micro/usr/libs/libc/string/strncmp.c", "C", 0, 0, 0, 0, 12, 0, 0, 0, 0, 0, 2, 14
"/home/christian/src/micro/usr/libs/libc/string/strncpy.c", "C", 0, 0, 0, 0, 10, 0, 0, 0, 0, 0, 2, 12
"/home/christian/src/micro/usr/libs/libc/string/strndup.c", "C", 0, 0, 0, 0, 10, 0, 0, 0, 0, 0, 1, 11
"/home/christian/src/micro/usr/libs/libc/string/strnlen.c", "C", 0, 0, 0, 0, 7, 0, 0, 0, 0, 0, 1, 8
"/home/christian/src/micro/usr/libs/libc/string/strpbrk.c", "C", 0, 0, 0, 0, 5, 0, 0, 0, 0, 0, 1, 6
"/home/christian/src/micro/usr/libs/libc/string/strrchr.c", "C", 0, 0, 0, 0, 12, 0, 0, 0, 0, 0, 3, 15
"/home/christian/src/micro/usr/libs/libc/string/strrev.c", "C", 0, 0, 0, 0, 15, 0, 0, 0, 0, 0, 3, 18
"/home/christian/src/micro/usr/libs/libc/string/strsep.c", "C", 0, 0, 0, 0, 28, 0, 0, 0, 0, 0, 8, 36
"/home/christian/src/micro/usr/libs/libc/string/strsignal.c", "C", 0, 0, 0, 0, 49, 0, 0, 0, 0, 0, 5, 54
"/home/christian/src/micro/usr/libs/libc/string/strspn.c", "C", 0, 0, 0, 0, 15, 0, 0, 0, 0, 0, 3, 18
"/home/christian/src/micro/usr/libs/libc/string/strstr.c", "C", 0, 0, 0, 0, 10, 0, 0, 0, 0, 0, 1, 11
"/home/christian/src/micro/usr/libs/libc/string/strtok.c", "C", 0, 0, 0, 0, 1, 0, 0, 0, 0, 0, 1, 2
"/home/christian/src/micro/usr/libs/libc/string/strtok_r.c", "C", 0, 0, 0, 0, 25, 0, 0, 0, 0, 0, 7, 32
"/home/christian/src/micro/usr/libs/libc/sysdeps/micro/generic/_exit.c", "C", 0, 0, 0, 0, 6, 0, 0, 0, 0, 0, 1, 7
"/home/christian/src/micro/usr/libs/libc/sysdeps/micro/generic/access.c", "C", 0, 0, 0, 0, 6, 0, 0, 0, 0, 0, 1, 7
"/home/christian/src/micro/usr/libs/libc/sysdeps/micro/generic/alarm.c", "C", 0, 0, 0, 0, 7, 0, 0, 0, 0, 0, 1, 8
"/home/christian/src/micro/usr/libs/libc/sysdeps/micro/generic/chdir.c", "C", 0, 0, 0, 0, 6, 0, 0, 0, 0, 0, 1, 7
"/home/christian/src/micro/usr/libs/libc/sysdeps/micro/generic/chmod.c", "C", 0, 0, 0, 0, 6, 0, 0, 0, 0, 0, 1, 7
"/home/christian/src/micro/usr/libs/libc/sysdeps/micro/generic/chown.c", "C", 0, 0, 0, 0, 6, 0, 0, 0, 0, 0, 1, 7
"/home/christian/src/micro/usr/libs/libc/sysdeps/micro/generic/clock.c", "C", 0, 0, 0, 0, 7, 0, 0, 0, 0, 0, 1, 8
"/home/christian/src/micro/usr/libs/libc/sysdeps/micro/generic/close.c", "C", 0, 0, 0, 0, 6, 0, 0, 0, 0, 0, 1, 7
"/home/christian/src/micro/usr/libs/libc/sysdeps/micro/generic/dup.c", "C", 0, 0, 0, 0, 6, 0, 0, 0, 0, 0, 1, 7
"/home/christian/src/micro/usr/libs/libc/sysdeps/micro/generic/dup2.c", "C", 0, 0, 0, 0, 6, 0, 0, 0, 0, 0, 1, 7
"/home/christian/src/micro/usr/libs/libc/sysdeps/micro/generic/execve.c", "C", 0, 0, 0, 0, 6, 0, 0, 0, 0, 0, 1, 7
"/home/christian/src/micro/usr/libs/libc/sysdeps/micro/generic/exit.c", "C", 0, 0, 0, 0, 9, 0, 0, 0, 0, 0, 2, 11
"/home/christian/src/micro/usr/libs/libc/sysdeps/micro/generic/fchmod.c", "C", 0, 0, 0, 0, 6, 0, 0, 0, 0, 0, 1, 7
"/home/christian/src/micro/usr/libs/libc/sysdeps/micro/generic/fcntl.c", "C", 0, 0, 0, 0, 11, 0, 0, 0, 0, 0, 2, 13
"/home/christian/src/micro/usr/libs/libc/sysdeps/micro/generic/fork.c", "C", 0, 0, 0, 0, 6, 0, 0, 0, 0, 0, 1, 7
"/home/christian/src/micro/usr/libs/libc/sysdeps/micro/generic/fstat.c", "C", 0, 0, 0, 0, 6, 0, 0, 0, 0, 0, 1, 7
"/home/christian/src/micro/usr/libs/libc/sysdeps/micro/generic/ftruncate.c", "C", 0, 0, 0, 0, 6, 0, 0, 0, 0, 1, 1, 8
"/home/christian/src/micro/usr/libs/libc/sysdeps/micro/generic/getcwd.c", "C", 0, 0, 0, 0, 14, 0, 0, 0, 0, 0, 2, 16
"/home/christian/src/micro/usr/libs/libc/sysdeps/micro/generic/getegid.c", "C", 0, 0, 0, 0, 6, 0, 0, 0, 0, 0, 1, 7
"/home/christian/src/micro/usr/libs/libc/sysdeps/micro/generic/geteuid.c", "C", 0, 0, 0, 0, 6, 0, 0, 0, 0, 0, 1, 7
"/home/christian/src/micro/usr/libs/libc/sysdeps/micro/generic/getgid.c", "C", 0, 0, 0, 0, 6, 0, 0, 0, 0, 0, 1, 7
"/home/christian/src/micro/usr/libs/libc/sysdeps/micro/generic/getgroups.c", "C", 0, 0, 0, 0, 6, 0, 0, 0, 0, 0, 1, 7
"/home/christian/src/micro/usr/libs/libc/sysdeps/micro/generic/getpgid.c", "C", 0, 0, 0, 0, 6, 0, 0, 0, 0, 0, 1, 7
"/home/christian/src/micro/usr/libs/libc/sysdeps/micro/generic/getpid.c", "C", 0, 0, 0, 0, 6, 0, 0, 0, 0, 0, 1, 7
"/home/christian/src/micro/usr/libs/libc/sysdeps/micro/generic/getppid.c", "C", 0, 0, 0, 0, 6, 0, 0, 0, 0, 0, 1, 7
"/home/christian/src/micro/usr/libs/libc/sysdeps/micro/generic/getsid.c", "C", 0, 0, 0, 0, 6, 0, 0, 0, 0, 0, 1, 7
"/home/christian/src/micro/usr/libs/libc/sysdeps/micro/generic/gettimeofday.c", "C", 0, 0, 0, 0, 7, 0, 0, 0, 0, 0, 1, 8
"/home/christian/src/micro/usr/libs/libc/sysdeps/micro/generic/getuid.c", "C", 0, 0, 0, 0, 6, 0, 0, 0, 0, 0, 1, 7
"/home/christian/src/micro/usr/libs/libc/sysdeps/micro/generic/ioctl.c", "C", 0, 0, 0, 0, 6, 0, 0, 0, 0, 0, 1, 7
"/home/christian/src/micro/usr/libs/libc/sysdeps/micro/generic/kill.c", "C", 0, 0, 0, 0, 6, 0, 0, 0, 0, 0, 1, 7
"/home/christian/src/micro/usr/libs/libc/sysdeps/micro/generic/link.c", "C", 0, 0, 0, 0, 6, 0, 0, 0, 0, 0, 1, 7
"/home/christian/src/micro/usr/libs/libc/sysdeps/micro/generic/lseek.c", "C", 0, 0, 0, 0, 6, 0, 0, 0, 0, 0, 1, 7
"/home/christian/src/micro/usr/libs/libc/sysdeps/micro/generic/lstat.c", "C", 0, 0, 0, 0, 6, 0, 0, 0, 0, 0, 1, 7
"/home/christian/src/micro/usr/libs/libc/sysdeps/micro/generic/mkdir.c", "C", 0, 0, 0, 0, 6, 0, 0, 0, 0, 0, 1, 7
"/home/christian/src/micro/usr/libs/libc/sysdeps/micro/generic/mknod.c", "C", 0, 0, 0, 0, 6, 0, 0, 0, 0, 0, 1, 7
"/home/christian/src/micro/usr/libs/libc/sysdeps/micro/generic/mmap.c", "C", 0, 0, 0, 0, 7, 0, 0, 0, 0, 0, 1, 8
"/home/christian/src/micro/usr/libs/libc/sysdeps/micro/generic/mount.c", "C", 0, 0, 0, 0, 8, 0, 0, 0, 0, 0, 1, 9
"/home/christian/src/micro/usr/libs/libc/sysdeps/micro/generic/munmap.c", "C", 0, 0, 0, 0, 6, 0, 0, 0, 0, 0, 1, 7
"/home/christian/src/micro/usr/libs/libc/sysdeps/micro/generic/nanosleep.c", "C", 0, 0, 0, 0, 6, 0, 0, 0, 0, 1, 1, 8
"/home/christian/src/micro/usr/libs/libc/sysdeps/micro/generic/open.c", "C", 0, 0, 0, 0, 11, 0, 0, 0, 0, 0, 2, 13
"/home/christian/src/micro/usr/libs/libc/sysdeps/micro/generic/pipe.c", "C", 0, 0, 0, 0, 6, 0, 0, 0, 0, 0, 1, 7
"/home/christian/src/micro/usr/libs/libc/sysdeps/micro/generic/pread.c", "C", 0, 0, 0, 0, 6, 0, 0, 0, 0, 0, 1, 7
"/home/christian/src/micro/usr/libs/libc/sysdeps/micro/generic/ptrace.c", "C", 0, 0, 0, 0, 6, 0, 0, 0, 0, 0, 1, 7
"/home/christian/src/micro/usr/libs/libc/sysdeps/micro/generic/ptsname.c", "C", 0, 0, 0, 0, 7, 0, 0, 0, 0, 0, 1, 8
"/home/christian/src/micro/usr/libs/libc/sysdeps/micro/generic/ptsname_r.c", "C", 0, 0, 0, 0, 6, 0, 0, 0, 0, 0, 1, 7
"/home/christian/src/micro/usr/libs/libc/sysdeps/micro/generic/pwrite.c", "C", 0, 0, 0, 0, 6, 0, 0, 0, 0, 0, 1, 7
"/home/christian/src/micro/usr/libs/libc/sysdeps/micro/generic/raise.c", "C", 0, 0, 0, 0, 6, 0, 0, 0, 0, 0, 1, 7
"/home/christian/src/micro/usr/libs/libc/sysdeps/micro/generic/read.c", "C", 0, 0, 0, 0, 6, 0, 0, 0, 0, 0, 1, 7
"/home/christian/src/micro/usr/libs/libc/sysdeps/micro/generic/readdir.c", "C", 0, 0, 0, 0, 10, 0, 0, 0, 0, 0, 3, 13
"/home/christian/src/micro/usr/libs/libc/sysdeps/micro/generic/readlink.c", "C", 0, 0, 0, 0, 6, 0, 0, 0, 0, 0, 1, 7
"/home/christian/src/micro/usr/libs/libc/sysdeps/micro/generic/rename.c", "C", 0, 0, 0, 0, 6, 0, 0, 0, 0, 0, 1, 7
"/home/christian/src/micro/usr/libs/libc/sysdeps/micro/generic/rmdir.c", "C", 0, 0, 0, 0, 6, 0, 0, 0, 0, 0, 1, 7
"/home/christian/src/micro/usr/libs/libc/sysdeps/micro/generic/setegid.c", "C", 0, 0, 0, 0, 6, 0, 0, 0, 0, 0, 1, 7
"/home/christian/src/micro/usr/libs/libc/sysdeps/micro/generic/seteuid.c", "C", 0, 0, 0, 0, 5, 0, 0, 0, 0, 0, 1, 6
"/home/christian/src/micro/usr/libs/libc/sysdeps/micro/generic/setgid.c", "C", 0, 0, 0, 0, 6, 0, 0, 0, 0, 0, 1, 7
"/home/christian/src/micro/usr/libs/libc/sysdeps/micro/generic/setgroups.c", "C", 0, 0, 0, 0, 6, 0, 0, 0, 0, 0, 1, 7
"/home/christian/src/micro/usr/libs/libc/sysdeps/micro/generic/setpgid.c", "C", 0, 0, 0, 0, 6, 0, 0, 0, 0, 0, 1, 7
"/home/christian/src/micro/usr/libs/libc/sysdeps/micro/generic/setregid.c", "C", 0, 0, 0, 0, 6, 0, 0, 0, 0, 0, 1, 7
"/home/christian/src/micro/usr/libs/libc/sysdeps/micro/generic/setreuid.c", "C", 0, 0, 0, 0, 6, 0, 0, 0, 0, 0, 1, 7
"/home/christian/src/micro/usr/libs/libc/sysdeps/micro/generic/setsid.c", "C", 0, 0, 0, 0, 6, 0, 0, 0, 0, 0, 1, 7
"/home/christian/src/micro/usr/libs/libc/sysdeps/micro/generic/setuid.c", "C", 0, 0, 0, 0, 6, 0, 0, 0, 0, 0, 1, 7
"/home/christian/src/micro/usr/libs/libc/sysdeps/micro/generic/sigaction.c", "C", 0, 0, 0, 0, 20, 0, 0, 0, 0, 1, 3, 24
"/home/christian/src/micro/usr/libs/libc/sysdeps/micro/generic/signal.c", "C", 0, 0, 0, 0, 13, 0, 0, 0, 0, 0, 3, 16
"/home/christian/src/micro/usr/libs/libc/sysdeps/micro/generic/sigprocmask.c", "C", 0, 0, 0, 0, 6, 0, 0, 0, 0, 0, 1, 7
"/home/christian/src/micro/usr/libs/libc/sysdeps/micro/generic/sleep.c", "C", 0, 0, 0, 0, 7, 0, 0, 0, 0, 13, 2, 22
"/home/christian/src/micro/usr/libs/libc/sysdeps/micro/generic/stat.c", "C", 0, 0, 0, 0, 6, 0, 0, 0, 0, 0, 1, 7
"/home/christian/src/micro/usr/libs/libc/sysdeps/micro/generic/symlink.c", "C", 0, 0, 0, 0, 6, 0, 0, 0, 0, 0, 1, 7
"/home/christian/src/micro/usr/libs/libc/sysdeps/micro/generic/syscall.S", "GAS/AT&T x86/x64", 0, 0, 0, 0, 0, 0, 11, 0, 0, 1, 1, 13
"/home/christian/src/micro/usr/libs/libc/sysdeps/micro/generic/tcgetattr.c", "C", 0, 0, 0, 0, 6, 0, 0, 0, 0, 0, 1, 7
"/home/christian/src/micro/usr/libs/libc/sysdeps/micro/generic/tcsetattr.c", "C", 0, 0, 0, 0, 18, 0, 0, 0, 0, 0, 2, 20
"/home/christian/src/micro/usr/libs/libc/sysdeps/micro/generic/time.c", "C", 0, 0, 0, 0, 11, 0, 0, 0, 0, 0, 3, 14
"/home/christian/src/micro/usr/libs/libc/sysdeps/micro/generic/times.c", "C", 0, 0, 0, 0, 7, 0, 0, 0, 0, 0, 1, 8
"/home/christian/src/micro/usr/libs/libc/sysdeps/micro/generic/truncate.c", "C", 0, 0, 0, 0, 6, 0, 0, 0, 0, 1, 1, 8
"/home/christian/src/micro/usr/libs/libc/sysdeps/micro/generic/ttyname.c", "C", 0, 0, 0, 0, 6, 0, 0, 0, 0, 1, 1, 8
"/home/christian/src/micro/usr/libs/libc/sysdeps/micro/generic/umask.c", "C", 0, 0, 0, 0, 6, 0, 0, 0, 0, 0, 1, 7
"/home/christian/src/micro/usr/libs/libc/sysdeps/micro/generic/umount.c", "C", 0, 0, 0, 0, 6, 0, 0, 0, 0, 0, 1, 7
"/home/christian/src/micro/usr/libs/libc/sysdeps/micro/generic/uname.c", "C", 0, 0, 0, 0, 6, 0, 0, 0, 0, 0, 1, 7
"/home/christian/src/micro/usr/libs/libc/sysdeps/micro/generic/unlink.c", "C", 0, 0, 0, 0, 6, 0, 0, 0, 0, 0, 1, 7
"/home/christian/src/micro/usr/libs/libc/sysdeps/micro/generic/utime.c", "C", 0, 0, 0, 0, 6, 0, 0, 0, 0, 0, 1, 7
"/home/christian/src/micro/usr/libs/libc/sysdeps/micro/generic/utimes.c", "C", 0, 0, 0, 0, 6, 0, 0, 0, 0, 0, 1, 7
"/home/christian/src/micro/usr/libs/libc/sysdeps/micro/generic/waitpid.c", "C", 0, 0, 0, 0, 6, 0, 0, 0, 0, 0, 1, 7
"/home/christian/src/micro/usr/libs/libc/sysdeps/micro/generic/write.c", "C", 0, 0, 0, 0, 6, 0, 0, 0, 0, 0, 1, 7
"/home/christian/src/micro/usr/libs/libc/tests/tst_putenv.c", "C", 0, 0, 0, 0, 13, 0, 0, 0, 0, 0, 4, 17
"/home/christian/src/micro/usr/libs/libc/time/asctime.c", "C", 0, 0, 0, 0, 6, 0, 0, 0, 0, 0, 1, 7
"/home/christian/src/micro/usr/libs/libc/time/asctime_r.c", "C", 0, 0, 0, 0, 6, 0, 0, 0, 0, 3, 2, 11
"/home/christian/src/micro/usr/libs/libc/time/ctime.c", "C", 0, 0, 0, 0, 5, 0, 0, 0, 0, 0, 1, 6
"/home/christian/src/micro/usr/libs/libc/time/ctime_r.c", "C", 0, 0, 0, 0, 5, 0, 0, 0, 0, 0, 1, 6
"/home/christian/src/micro/usr/libs/libc/time/difftime.c", "C", 0, 0, 0, 0, 6, 0, 0, 0, 0, 0, 1, 7
"/home/christian/src/micro/usr/libs/libc/time/gmtime.c", "C", 0, 0, 0, 0, 7, 0, 0, 0, 0, 0, 1, 8
"/home/christian/src/micro/usr/libs/libc/time/gmtime_r.c", "C", 0, 0, 0, 0, 54, 0, 0, 0, 0, 1, 13, 68
"/home/christian/src/micro/usr/libs/libc/time/localtime.c", "C", 0, 0, 0, 0, 7, 0, 0, 0, 0, 0, 1, 8
"/home/christian/src/micro/usr/libs/libc/time/localtime_r.c", "C", 0, 0, 0, 0, 5, 0, 0, 0, 0, 1, 1, 7
"/home/christian/src/micro/usr/libs/libc/time/mktime.c", "C", 0, 0, 0, 0, 7, 0, 0, 0, 0, 0, 1, 8
"/home/christian/src/micro/usr/libs/libc/time/strftime.c", "C", 0, 0, 0, 0, 81, 0, 0, 0, 0, 0, 13, 94
"/home/christian/src/micro/usr/srv/Makefile", "Makefile", 0, 0, 0, 0, 0, 2, 0, 0, 0, 0, 0, 2
"/home/christian/src/micro/usr/srv/init/Makefile", "Makefile", 0, 0, 0, 0, 0, 18, 0, 0, 0, 0, 7, 25
"/home/christian/src/micro/usr/srv/init/init.c", "C", 0, 0, 0, 0, 21, 0, 0, 0, 0, 1, 4, 26
"/home/christian/src/micro/usr/srv/init/linker.ld", "LinkerScript", 0, 0, 23, 0, 0, 0, 0, 0, 0, 0, 2, 25
"Total", "-", 95, 22, 175, 43, 11137, 693, 431, 3488, 248, 643, 3949, 20924